{"initial_reset_timestamp": 24209.0690224, "timestamps": [24261.9640075], "episode_lengths": [1000], "episode_rewards": [-1661.18797387648], "episode_types": ["t"]}