{"initial_reset_timestamp": 34744.1003378, "timestamps": [34920.8834344], "episode_lengths": [1000], "episode_rewards": [-255.46155569525274], "episode_types": ["t"]}