{"initial_reset_timestamp": 2067.5841594, "timestamps": [2197.681838], "episode_lengths": [1000], "episode_rewards": [-1661.18797387648], "episode_types": ["t"]}