{"initial_reset_timestamp": 14205.395225, "timestamps": [14252.995381], "episode_lengths": [1000], "episode_rewards": [433.58828973819055], "episode_types": ["t"]}