{"initial_reset_timestamp": 35060.0781167, "timestamps": [35108.0069527], "episode_lengths": [1000], "episode_rewards": [357.6739007973009], "episode_types": ["t"]}