{"initial_reset_timestamp": 24424.700252, "timestamps": [24626.4103917], "episode_lengths": [1000], "episode_rewards": [-1617.953052322651], "episode_types": ["t"]}