{"initial_reset_timestamp": 34856.8392881, "timestamps": [34934.154868], "episode_lengths": [1000], "episode_rewards": [641.1597255934266], "episode_types": ["t"]}