{"initial_reset_timestamp": 24319.6822258, "timestamps": [24396.7818365], "episode_lengths": [1000], "episode_rewards": [-1668.1432547660033], "episode_types": ["t"]}