{"initial_reset_timestamp": 13102.319373, "timestamps": [13171.434739], "episode_lengths": [1000], "episode_rewards": [-505.21754038092337], "episode_types": ["t"]}