{"initial_reset_timestamp": 583.2269171, "timestamps": [671.266319], "episode_lengths": [1000], "episode_rewards": [-1558.0035526951722], "episode_types": ["t"]}