{"initial_reset_timestamp": 13640.1000913, "timestamps": [13686.2763752], "episode_lengths": [1000], "episode_rewards": [661.9439791072914], "episode_types": ["t"]}