{"initial_reset_timestamp": 1339.8828896, "timestamps": [1483.3763548], "episode_lengths": [1000], "episode_rewards": [-1617.953052322651], "episode_types": ["t"]}